{
   "file_counts" : 13,
   "file_list" : [
      {
         "file_describe_code" : 0,
         "file_name" : "RfClownV2-pcb-Bottom Layer.gbl",
         "layer_name" : "bl"
      },
      {
         "file_describe_code" : 0,
         "file_name" : "RfClownV2-pcb-Bottom Overlay.gbo",
         "layer_name" : "bo"
      },
      {
         "file_describe_code" : 0,
         "file_name" : "RfClownV2-pcb-Bottom Paste.gbp",
         "layer_name" : "bp"
      },
      {
         "file_describe_code" : 0,
         "file_name" : "RfClownV2-pcb-Bottom Solder.gbs",
         "layer_name" : "bs"
      },
      {
         "file_describe_code" : 2,
         "file_name" : "RfClownV2-pcb-Edge_Cuts.gm1",
         "layer_name" : "gko"
      },
      {
         "file_describe_code" : 3,
         "file_name" : "RfClownV2-pcb-NPTH-drl_map.gbr",
         "layer_name" : "dd"
      },
      {
         "file_describe_code" : 0,
         "file_name" : "RfClownV2-pcb-NPTH.drl",
         "layer_name" : "npth"
      },
      {
         "file_describe_code" : 3,
         "file_name" : "RfClownV2-pcb-PTH-drl_map.gbr",
         "layer_name" : "dd1"
      },
      {
         "file_describe_code" : 0,
         "file_name" : "RfClownV2-pcb-PTH.drl",
         "layer_name" : "drl"
      },
      {
         "file_describe_code" : 0,
         "file_name" : "RfClownV2-pcb-Top Layer.gtl",
         "layer_name" : "tl"
      },
      {
         "file_describe_code" : 0,
         "file_name" : "RfClownV2-pcb-Top Overlay.gto",
         "layer_name" : "to"
      },
      {
         "file_describe_code" : 0,
         "file_name" : "RfClownV2-pcb-Top Paste.gtp",
         "layer_name" : "tp"
      },
      {
         "file_describe_code" : 0,
         "file_name" : "RfClownV2-pcb-Top Solder.gts",
         "layer_name" : "ts"
      }
   ]
}
